,Primer Lugar,Segundo Lugar,Tercer Lugar,Cuarto Lugar
0,Brasil,Argentina,Países Bajos,Portugal
1,Brasil,Países Bajos,Francia,Portugal
2,Brasil,Argentina,Países Bajos,Portugal
3,Brasil,Países Bajos,Francia,Portugal
4,Brasil,Países Bajos,Francia,Portugal
5,Brasil,Países Bajos,Francia,Portugal
6,Brasil,Países Bajos,Francia,Portugal
7,Brasil,Países Bajos,Francia,Portugal
8,Brasil,Países Bajos,Francia,Portugal
9,Brasil,Países Bajos,Francia,Portugal
10,Brasil,Argentina,Países Bajos,Portugal
11,Brasil,Países Bajos,Francia,Portugal
12,Brasil,Países Bajos,Francia,Portugal
13,Brasil,Argentina,Países Bajos,Portugal
14,Brasil,Argentina,Países Bajos,Portugal
15,Brasil,Países Bajos,Francia,Portugal
16,Brasil,Países Bajos,Francia,Portugal
17,Brasil,Países Bajos,Francia,Portugal
18,Brasil,Argentina,Países Bajos,Portugal
19,Brasil,Países Bajos,Francia,Portugal
20,Brasil,Países Bajos,Francia,Portugal
21,Brasil,Países Bajos,Francia,Portugal
22,Brasil,Países Bajos,Francia,Portugal
23,Brasil,Argentina,Países Bajos,Portugal
24,Brasil,Países Bajos,Francia,Portugal
25,Brasil,Países Bajos,Francia,Portugal
26,Brasil,Países Bajos,Francia,Portugal
27,Brasil,Argentina,Países Bajos,Portugal
28,Brasil,Países Bajos,Francia,Portugal
29,Brasil,Países Bajos,Francia,Portugal
30,Brasil,Argentina,Francia,Portugal
31,Brasil,Países Bajos,Francia,Portugal
32,Brasil,Países Bajos,Francia,Portugal
33,Brasil,Países Bajos,Francia,Portugal
34,Brasil,Argentina,Francia,Portugal
35,Brasil,Argentina,Francia,Portugal
36,Brasil,Argentina,Francia,Portugal
37,Brasil,Países Bajos,Francia,Portugal
38,Brasil,Países Bajos,Francia,Portugal
39,Brasil,Argentina,Países Bajos,Portugal
40,Brasil,Países Bajos,Francia,Portugal
41,Brasil,Argentina,Países Bajos,Portugal
42,Brasil,Países Bajos,Francia,Portugal
43,Brasil,Países Bajos,Francia,Portugal
44,Brasil,Países Bajos,Francia,Portugal
45,Brasil,Argentina,Países Bajos,Portugal
46,Brasil,Países Bajos,Francia,Portugal
47,Brasil,Países Bajos,Francia,Portugal
48,Brasil,Países Bajos,Francia,Portugal
49,Brasil,Países Bajos,Francia,Portugal
50,Brasil,Países Bajos,Francia,Portugal
51,Brasil,Países Bajos,Francia,Portugal
52,Brasil,Países Bajos,Francia,Portugal
53,Brasil,Argentina,Países Bajos,Portugal
54,Brasil,Argentina,Francia,Portugal
55,Brasil,Argentina,Países Bajos,Portugal
56,Brasil,Países Bajos,Francia,Portugal
57,Brasil,Países Bajos,Francia,Portugal
58,Brasil,Países Bajos,Francia,Portugal
59,Brasil,Argentina,Francia,Portugal
60,Brasil,Países Bajos,Francia,Portugal
61,Brasil,Argentina,Países Bajos,Portugal
62,Brasil,Países Bajos,Francia,Portugal
63,Brasil,Países Bajos,Francia,Portugal
64,Brasil,Países Bajos,Francia,Portugal
65,Brasil,Argentina,Países Bajos,Portugal
66,Brasil,Países Bajos,Francia,Portugal
67,Brasil,Países Bajos,Francia,Portugal
68,Brasil,Países Bajos,Francia,Portugal
69,Brasil,Países Bajos,Francia,Portugal
70,Brasil,Argentina,Países Bajos,Portugal
71,Brasil,Países Bajos,Francia,Portugal
72,Brasil,Países Bajos,Francia,Portugal
73,Brasil,Países Bajos,Francia,Portugal
74,Brasil,Argentina,Francia,Portugal
75,Brasil,Países Bajos,Francia,Portugal
76,Brasil,Países Bajos,Francia,Portugal
77,Brasil,Argentina,Países Bajos,Portugal
78,Brasil,Países Bajos,Francia,Portugal
79,Brasil,Países Bajos,Francia,Portugal
80,Brasil,Países Bajos,Francia,Portugal
81,Brasil,Países Bajos,Francia,Portugal
82,Brasil,Argentina,Países Bajos,Portugal
83,Brasil,Países Bajos,Francia,Portugal
84,Brasil,Países Bajos,Francia,Portugal
85,Brasil,Países Bajos,Francia,Portugal
86,Brasil,Países Bajos,Francia,Portugal
87,Brasil,Países Bajos,Francia,Portugal
88,Brasil,Países Bajos,Francia,Portugal
89,Brasil,Países Bajos,Francia,Portugal
90,Brasil,Países Bajos,Francia,Portugal
91,Brasil,Países Bajos,Francia,Portugal
92,Brasil,Países Bajos,Francia,Portugal
93,Brasil,Países Bajos,Francia,Portugal
94,Brasil,Países Bajos,Francia,Portugal
95,Brasil,Países Bajos,Francia,Portugal
96,Brasil,Países Bajos,Francia,Portugal
97,Brasil,Países Bajos,Francia,Portugal
98,Brasil,Países Bajos,Francia,Portugal
99,Brasil,Países Bajos,Francia,Portugal
100,Brasil,Argentina,Francia,Portugal
101,Brasil,Países Bajos,Francia,Portugal
102,Brasil,Argentina,Francia,Portugal
103,Brasil,Argentina,Países Bajos,Portugal
104,Brasil,Países Bajos,Francia,Portugal
105,Brasil,Países Bajos,Francia,Portugal
106,Brasil,Argentina,Francia,Portugal
107,Brasil,Países Bajos,Francia,Portugal
108,Brasil,Argentina,Países Bajos,Portugal
109,Brasil,Países Bajos,Francia,Portugal
110,Brasil,Países Bajos,Francia,Portugal
111,Brasil,Países Bajos,Francia,Portugal
112,Brasil,Argentina,Países Bajos,Portugal
113,Brasil,Países Bajos,Francia,Portugal
114,Brasil,Países Bajos,Francia,Portugal
115,Brasil,Países Bajos,Francia,Portugal
116,Brasil,Argentina,Países Bajos,Portugal
117,Brasil,Países Bajos,Francia,Portugal
118,Brasil,Países Bajos,Francia,Portugal
119,Brasil,Países Bajos,Francia,Portugal
120,Brasil,Países Bajos,Francia,Portugal
121,Brasil,Países Bajos,Francia,Portugal
122,Brasil,Países Bajos,Francia,Portugal
123,Brasil,Países Bajos,Francia,Portugal
124,Brasil,Países Bajos,Francia,Portugal
125,Brasil,Países Bajos,Francia,Portugal
126,Brasil,Países Bajos,Francia,Portugal
127,Brasil,Países Bajos,Francia,Portugal
128,Brasil,Países Bajos,Francia,Portugal
129,Brasil,Argentina,Países Bajos,Portugal
130,Brasil,Países Bajos,Francia,Portugal
131,Brasil,Países Bajos,Francia,Portugal
132,Brasil,Países Bajos,Francia,Portugal
133,Brasil,Países Bajos,Francia,Portugal
134,Brasil,Países Bajos,Francia,Portugal
135,Brasil,Países Bajos,Francia,Portugal
136,Brasil,Países Bajos,Francia,Portugal
137,Brasil,Países Bajos,Francia,Portugal
138,Brasil,Países Bajos,Francia,Portugal
139,Brasil,Argentina,Países Bajos,Portugal
140,Brasil,Países Bajos,Francia,Portugal
141,Brasil,Países Bajos,Francia,Portugal
142,Brasil,Países Bajos,Francia,Portugal
143,Brasil,Argentina,Países Bajos,Portugal
144,Brasil,Argentina,Países Bajos,Portugal
145,Brasil,Argentina,Francia,Portugal
146,Brasil,Países Bajos,Francia,Portugal
147,Brasil,Argentina,Francia,Portugal
148,Brasil,Países Bajos,Francia,Portugal
149,Brasil,Países Bajos,Francia,Portugal
150,Brasil,Países Bajos,Francia,Portugal
151,Brasil,Países Bajos,Francia,Portugal
152,Brasil,Países Bajos,Francia,Portugal
153,Brasil,Países Bajos,Francia,Portugal
154,Brasil,Países Bajos,Francia,Portugal
155,Brasil,Países Bajos,Francia,Portugal
156,Brasil,Países Bajos,Francia,Portugal
157,Brasil,Países Bajos,Francia,Portugal
158,Brasil,Países Bajos,Francia,Portugal
159,Brasil,Países Bajos,Francia,Portugal
160,Brasil,Países Bajos,Francia,Portugal
161,Brasil,Países Bajos,Francia,Portugal
162,Brasil,Países Bajos,Francia,Portugal
163,Brasil,Países Bajos,Francia,Portugal
164,Brasil,Países Bajos,Francia,Portugal
165,Brasil,Países Bajos,Francia,Portugal
166,Brasil,Argentina,Países Bajos,Portugal
167,Brasil,Argentina,Países Bajos,Portugal
168,Brasil,Argentina,Francia,Portugal
169,Brasil,Países Bajos,Francia,Portugal
170,Brasil,Países Bajos,Francia,Portugal
171,Brasil,Países Bajos,Francia,Portugal
172,Brasil,Países Bajos,Francia,Portugal
173,Brasil,Argentina,Países Bajos,Portugal
174,Brasil,Países Bajos,Francia,Portugal
175,Brasil,Argentina,Países Bajos,Portugal
176,Brasil,Países Bajos,Francia,Portugal
177,Brasil,Países Bajos,Francia,Portugal
178,Brasil,Países Bajos,Francia,Portugal
179,Brasil,Países Bajos,Francia,Portugal
180,Brasil,Países Bajos,Francia,Portugal
181,Brasil,Países Bajos,Francia,Portugal
182,Brasil,Argentina,Francia,Portugal
183,Brasil,Países Bajos,Francia,Portugal
184,Brasil,Argentina,Francia,Portugal
185,Brasil,Países Bajos,Francia,Portugal
186,Brasil,Países Bajos,Francia,Portugal
187,Brasil,Argentina,Países Bajos,Portugal
188,Brasil,Países Bajos,Francia,Portugal
189,Brasil,Argentina,Países Bajos,Portugal
190,Brasil,Países Bajos,Francia,Portugal
191,Brasil,Países Bajos,Francia,Portugal
192,Brasil,Países Bajos,Francia,Portugal
193,Brasil,Países Bajos,Francia,Portugal
194,Brasil,Países Bajos,Francia,Portugal
195,Brasil,Argentina,Países Bajos,Portugal
196,Brasil,Países Bajos,Francia,Portugal
197,Brasil,Argentina,Francia,Portugal
198,Brasil,Países Bajos,Francia,Portugal
199,Brasil,Países Bajos,Francia,Portugal
200,Brasil,Países Bajos,Francia,Portugal
201,Brasil,Argentina,Países Bajos,Portugal
202,Brasil,Países Bajos,Francia,Portugal
203,Brasil,Países Bajos,Francia,Portugal
204,Brasil,Argentina,Francia,Portugal
205,Brasil,Argentina,Países Bajos,Portugal
206,Brasil,Países Bajos,Francia,Portugal
207,Brasil,Países Bajos,Francia,Portugal
208,Brasil,Países Bajos,Francia,Portugal
209,Brasil,Argentina,Francia,Portugal
210,Brasil,Países Bajos,Francia,Portugal
211,Brasil,Argentina,Francia,Portugal
212,Brasil,Países Bajos,Francia,Portugal
213,Brasil,Países Bajos,Francia,Portugal
214,Brasil,Países Bajos,Francia,Portugal
215,Brasil,Países Bajos,Francia,Portugal
216,Brasil,Países Bajos,Francia,Portugal
217,Brasil,Países Bajos,Francia,Portugal
218,Brasil,Países Bajos,Francia,Portugal
219,Brasil,Países Bajos,Francia,Portugal
220,Brasil,Países Bajos,Francia,Portugal
221,Brasil,Argentina,Países Bajos,Portugal
222,Brasil,Países Bajos,Francia,Portugal
223,Brasil,Países Bajos,Francia,Portugal
224,Brasil,Argentina,Francia,Portugal
225,Brasil,Argentina,Francia,Portugal
226,Brasil,Argentina,Países Bajos,Portugal
227,Brasil,Países Bajos,Francia,Portugal
228,Brasil,Argentina,Países Bajos,Portugal
229,Brasil,Países Bajos,Francia,Portugal
230,Brasil,Países Bajos,Francia,Portugal
231,Brasil,Países Bajos,Francia,Portugal
232,Brasil,Países Bajos,Francia,Portugal
233,Brasil,Países Bajos,Francia,Portugal
234,Brasil,Países Bajos,Francia,Portugal
235,Brasil,Países Bajos,Francia,Portugal
236,Brasil,Argentina,Países Bajos,Portugal
237,Brasil,Países Bajos,Francia,Portugal
238,Brasil,Países Bajos,Francia,Portugal
239,Brasil,Países Bajos,Francia,Portugal
240,Brasil,Países Bajos,Francia,Portugal
241,Brasil,Argentina,Países Bajos,Portugal
242,Brasil,Argentina,Países Bajos,Portugal
243,Brasil,Argentina,Francia,Portugal
244,Brasil,Países Bajos,Francia,Portugal
245,Brasil,Países Bajos,Francia,Portugal
246,Brasil,Países Bajos,Francia,Portugal
247,Brasil,Países Bajos,Francia,Portugal
248,Brasil,Países Bajos,Francia,Portugal
249,Brasil,Países Bajos,Francia,Portugal
250,Brasil,Países Bajos,Francia,Portugal
251,Brasil,Países Bajos,Francia,Portugal
252,Brasil,Países Bajos,Francia,Portugal
253,Brasil,Países Bajos,Francia,Portugal
254,Brasil,Países Bajos,Francia,Portugal
255,Brasil,Países Bajos,Francia,Portugal
256,Brasil,Países Bajos,Francia,Portugal
257,Brasil,Países Bajos,Francia,Portugal
258,Brasil,Países Bajos,Francia,Portugal
259,Brasil,Países Bajos,Francia,Portugal
260,Brasil,Países Bajos,Francia,Portugal
261,Brasil,Argentina,Francia,Portugal
262,Brasil,Países Bajos,Francia,Portugal
263,Brasil,Países Bajos,Francia,Portugal
264,Brasil,Países Bajos,Francia,Portugal
265,Brasil,Países Bajos,Francia,Portugal
266,Brasil,Argentina,Francia,Portugal
267,Brasil,Países Bajos,Francia,Portugal
268,Brasil,Argentina,Francia,Portugal
269,Brasil,Argentina,Países Bajos,Portugal
270,Brasil,Países Bajos,Francia,Portugal
271,Brasil,Países Bajos,Francia,Portugal
272,Brasil,Países Bajos,Francia,Portugal
273,Brasil,Países Bajos,Francia,Portugal
274,Brasil,Países Bajos,Francia,Portugal
275,Brasil,Argentina,Francia,Portugal
276,Brasil,Países Bajos,Francia,Portugal
277,Brasil,Países Bajos,Francia,Portugal
278,Brasil,Países Bajos,Francia,Portugal
279,Brasil,Países Bajos,Francia,Portugal
280,Brasil,Países Bajos,Francia,Portugal
281,Brasil,Países Bajos,Francia,Portugal
282,Brasil,Países Bajos,Francia,Portugal
283,Brasil,Países Bajos,Francia,Portugal
284,Brasil,Países Bajos,Francia,Portugal
285,Brasil,Países Bajos,Francia,Portugal
286,Brasil,Países Bajos,Francia,Portugal
287,Brasil,Países Bajos,Francia,Portugal
288,Brasil,Países Bajos,Francia,Portugal
289,Brasil,Países Bajos,Francia,Portugal
290,Brasil,Países Bajos,Francia,Portugal
291,Brasil,Países Bajos,Francia,Portugal
292,Brasil,Argentina,Países Bajos,Portugal
293,Brasil,Argentina,Francia,Portugal
294,Brasil,Países Bajos,Francia,Portugal
295,Brasil,Países Bajos,Francia,Portugal
296,Brasil,Países Bajos,Francia,Portugal
297,Brasil,Países Bajos,Francia,Portugal
298,Brasil,Argentina,Francia,Portugal
299,Brasil,Países Bajos,Francia,Portugal
300,Brasil,Países Bajos,Francia,Portugal
301,Brasil,Argentina,Países Bajos,Portugal
302,Brasil,Países Bajos,Francia,Portugal
303,Brasil,Países Bajos,Francia,Portugal
304,Brasil,Países Bajos,Francia,Portugal
305,Brasil,Países Bajos,Francia,Portugal
306,Brasil,Países Bajos,Francia,Portugal
307,Brasil,Países Bajos,Francia,Portugal
308,Brasil,Países Bajos,Francia,Portugal
309,Brasil,Países Bajos,Francia,Portugal
310,Brasil,Países Bajos,Francia,Portugal
311,Brasil,Países Bajos,Francia,Portugal
312,Brasil,Países Bajos,Francia,Portugal
313,Brasil,Países Bajos,Francia,Portugal
314,Brasil,Países Bajos,Francia,Portugal
315,Brasil,Países Bajos,Francia,Portugal
316,Brasil,Países Bajos,Francia,Portugal
317,Brasil,Países Bajos,Francia,Portugal
318,Brasil,Países Bajos,Francia,Portugal
319,Brasil,Países Bajos,Francia,Portugal
320,Brasil,Países Bajos,Francia,Portugal
321,Brasil,Países Bajos,Francia,Portugal
322,Brasil,Países Bajos,Francia,Portugal
323,Brasil,Países Bajos,Portugal,Catar
324,Brasil,Países Bajos,Francia,Portugal
325,Brasil,Argentina,Países Bajos,Portugal
326,Brasil,Países Bajos,Francia,Portugal
327,Brasil,Países Bajos,Francia,Portugal
328,Brasil,Países Bajos,Francia,Portugal
329,Brasil,Países Bajos,Francia,Portugal
330,Brasil,Argentina,Países Bajos,Portugal
331,Brasil,Países Bajos,Francia,Portugal
332,Brasil,Argentina,Francia,Portugal
333,Brasil,Países Bajos,Francia,Portugal
334,Brasil,Países Bajos,Francia,Portugal
335,Brasil,Países Bajos,Francia,Portugal
336,Brasil,Países Bajos,Francia,Portugal
337,Brasil,Países Bajos,Francia,Portugal
338,Brasil,Países Bajos,Francia,Portugal
339,Brasil,Países Bajos,Francia,Portugal
340,Brasil,Argentina,Francia,Portugal
341,Brasil,Argentina,Francia,Portugal
342,Brasil,Países Bajos,Francia,Portugal
343,Brasil,Países Bajos,Francia,Portugal
344,Brasil,Países Bajos,Francia,Portugal
345,Brasil,Países Bajos,Francia,Portugal
346,Brasil,Argentina,Francia,Portugal
347,Brasil,Países Bajos,Francia,Portugal
348,Brasil,Países Bajos,Francia,Portugal
349,Brasil,Países Bajos,Francia,Portugal
350,Brasil,Países Bajos,Francia,Portugal
351,Brasil,Argentina,Francia,Portugal
352,Brasil,Países Bajos,Francia,Portugal
353,Brasil,Países Bajos,Francia,Portugal
354,Brasil,Argentina,Francia,Portugal
355,Brasil,Países Bajos,Francia,Portugal
356,Brasil,Países Bajos,Francia,Portugal
357,Brasil,Argentina,Países Bajos,Portugal
358,Brasil,Países Bajos,Francia,Portugal
359,Brasil,Países Bajos,Francia,Portugal
360,Brasil,Argentina,Países Bajos,Portugal
361,Brasil,Países Bajos,Francia,Portugal
362,Brasil,Argentina,Francia,Portugal
363,Brasil,Países Bajos,Francia,Portugal
364,Brasil,Países Bajos,Francia,Portugal
365,Brasil,Países Bajos,Francia,Portugal
366,Brasil,Países Bajos,Francia,Portugal
367,Brasil,Países Bajos,Francia,Portugal
368,Brasil,Países Bajos,Francia,Portugal
369,Brasil,Países Bajos,Francia,Portugal
370,Brasil,Países Bajos,Francia,Portugal
371,Brasil,Países Bajos,Francia,Portugal
372,Brasil,Países Bajos,Francia,Portugal
373,Brasil,Argentina,Francia,Portugal
374,Brasil,Países Bajos,Francia,Portugal
375,Brasil,Países Bajos,Francia,Portugal
376,Brasil,Países Bajos,Francia,Portugal
377,Brasil,Países Bajos,Francia,Portugal
378,Brasil,Argentina,Países Bajos,Portugal
379,Brasil,Países Bajos,Francia,Portugal
380,Brasil,Países Bajos,Francia,Portugal
381,Brasil,Países Bajos,Francia,Portugal
382,Brasil,Países Bajos,Francia,Portugal
383,Brasil,Países Bajos,Francia,Portugal
384,Brasil,Países Bajos,Francia,Portugal
385,Brasil,Países Bajos,Francia,Portugal
386,Brasil,Países Bajos,Francia,Portugal
387,Brasil,Países Bajos,Francia,Portugal
388,Brasil,Países Bajos,Francia,Portugal
389,Brasil,Argentina,Países Bajos,Portugal
390,Brasil,Países Bajos,Francia,Portugal
391,Brasil,Argentina,Francia,Portugal
392,Brasil,Países Bajos,Francia,Portugal
393,Brasil,Países Bajos,Francia,Portugal
394,Brasil,Países Bajos,Francia,Portugal
395,Brasil,Países Bajos,Francia,Portugal
396,Brasil,Países Bajos,Francia,Portugal
397,Brasil,Países Bajos,Francia,Portugal
398,Brasil,Países Bajos,Francia,Portugal
399,Brasil,Países Bajos,Francia,Portugal
400,Brasil,Países Bajos,Francia,Portugal
401,Brasil,Países Bajos,Francia,Portugal
402,Brasil,Países Bajos,Francia,Portugal
403,Brasil,Argentina,Países Bajos,Portugal
404,Brasil,Países Bajos,Francia,Portugal
405,Brasil,Países Bajos,Francia,Portugal
406,Brasil,Argentina,Francia,Portugal
407,Brasil,Países Bajos,Francia,Portugal
408,Brasil,Países Bajos,Francia,Portugal
409,Brasil,Países Bajos,Francia,Portugal
410,Brasil,Países Bajos,Francia,Portugal
411,Brasil,Argentina,Francia,Portugal
412,Brasil,Argentina,Países Bajos,Portugal
413,Brasil,Países Bajos,Francia,Portugal
414,Brasil,Países Bajos,Francia,Portugal
415,Brasil,Países Bajos,Francia,Portugal
416,Brasil,Países Bajos,Francia,Portugal
417,Brasil,Países Bajos,Francia,Portugal
418,Brasil,Países Bajos,Francia,Portugal
419,Brasil,Países Bajos,Francia,Portugal
420,Brasil,Países Bajos,Francia,Portugal
421,Brasil,Argentina,Francia,Portugal
422,Brasil,Países Bajos,Francia,Portugal
423,Brasil,Argentina,Francia,Portugal
424,Brasil,Países Bajos,Francia,Portugal
425,Brasil,Países Bajos,Francia,Portugal
426,Brasil,Países Bajos,Francia,Portugal
427,Brasil,Argentina,Francia,Portugal
428,Brasil,Países Bajos,Francia,Portugal
429,Brasil,Países Bajos,Francia,Portugal
430,Brasil,Países Bajos,Francia,Portugal
431,Brasil,Países Bajos,Francia,Portugal
432,Brasil,Países Bajos,Francia,Portugal
433,Brasil,Países Bajos,Francia,Portugal
434,Brasil,Países Bajos,Francia,Portugal
435,Brasil,Países Bajos,Francia,Portugal
436,Brasil,Argentina,Países Bajos,Portugal
437,Brasil,Países Bajos,Francia,Portugal
438,Brasil,Países Bajos,Francia,Portugal
439,Brasil,Países Bajos,Francia,Portugal
440,Brasil,Países Bajos,Francia,Portugal
441,Brasil,Argentina,Países Bajos,Portugal
442,Brasil,Países Bajos,Francia,Portugal
443,Brasil,Países Bajos,Francia,Portugal
444,Brasil,Países Bajos,Francia,Portugal
445,Brasil,Países Bajos,Francia,Portugal
446,Brasil,Países Bajos,Francia,Portugal
447,Brasil,Países Bajos,Francia,Portugal
448,Brasil,Países Bajos,Francia,Portugal
449,Brasil,Países Bajos,Francia,Portugal
450,Brasil,Países Bajos,Francia,Portugal
451,Brasil,Argentina,Países Bajos,Portugal
452,Brasil,Países Bajos,Francia,Portugal
453,Brasil,Países Bajos,Francia,Portugal
454,Brasil,Argentina,Países Bajos,Portugal
455,Brasil,Argentina,Países Bajos,Portugal
456,Brasil,Países Bajos,Francia,Portugal
457,Brasil,Países Bajos,Francia,Portugal
458,Brasil,Países Bajos,Francia,Portugal
459,Brasil,Argentina,Países Bajos,Portugal
460,Brasil,Países Bajos,Francia,Portugal
461,Brasil,Países Bajos,Francia,Portugal
462,Brasil,Países Bajos,Francia,Portugal
463,Brasil,Países Bajos,Francia,Portugal
464,Brasil,Argentina,Francia,Portugal
465,Brasil,Argentina,Países Bajos,Portugal
466,Brasil,Países Bajos,Francia,Portugal
467,Brasil,Países Bajos,Francia,Portugal
468,Brasil,Países Bajos,Francia,Portugal
469,Brasil,Argentina,Países Bajos,Portugal
470,Brasil,Países Bajos,Francia,Portugal
471,Brasil,Países Bajos,Francia,Portugal
472,Brasil,Países Bajos,Francia,Portugal
473,Brasil,Países Bajos,Francia,Portugal
474,Brasil,Argentina,Francia,Portugal
475,Brasil,Países Bajos,Francia,Portugal
476,Brasil,Argentina,Países Bajos,Portugal
477,Brasil,Países Bajos,Francia,Portugal
478,Brasil,Países Bajos,Francia,Portugal
479,Brasil,Países Bajos,Francia,Portugal
480,Brasil,Países Bajos,Francia,Portugal
481,Brasil,Países Bajos,Francia,Portugal
482,Brasil,Argentina,Países Bajos,Portugal
483,Brasil,Países Bajos,Francia,Portugal
484,Brasil,Países Bajos,Francia,Portugal
485,Brasil,Países Bajos,Francia,Portugal
486,Brasil,Argentina,Francia,Portugal
487,Brasil,Argentina,Francia,Portugal
488,Brasil,Países Bajos,Francia,Portugal
489,Brasil,Países Bajos,Francia,Portugal
490,Brasil,Argentina,Francia,Portugal
491,Brasil,Argentina,Países Bajos,Portugal
492,Brasil,Países Bajos,Francia,Portugal
493,Brasil,Argentina,Países Bajos,Portugal
494,Brasil,Países Bajos,Francia,Portugal
495,Brasil,Países Bajos,Francia,Portugal
496,Brasil,Países Bajos,Francia,Portugal
497,Brasil,Países Bajos,Francia,Portugal
498,Brasil,Países Bajos,Francia,Portugal
499,Brasil,Países Bajos,Francia,Portugal
500,Brasil,Países Bajos,Francia,Portugal
501,Brasil,Países Bajos,Francia,Portugal
502,Brasil,Argentina,Países Bajos,Portugal
503,Brasil,Países Bajos,Francia,Portugal
504,Brasil,Argentina,Países Bajos,Portugal
505,Brasil,Países Bajos,Francia,Portugal
506,Brasil,Países Bajos,Francia,Portugal
507,Brasil,Países Bajos,Francia,Portugal
508,Brasil,Países Bajos,Francia,Portugal
509,Brasil,Países Bajos,Francia,Portugal
510,Brasil,Países Bajos,Francia,Portugal
511,Brasil,Países Bajos,Francia,Portugal
512,Brasil,Países Bajos,Francia,Portugal
513,Brasil,Países Bajos,Francia,Portugal
514,Brasil,Países Bajos,Francia,Portugal
515,Brasil,Argentina,Francia,Portugal
516,Brasil,Argentina,Países Bajos,Portugal
517,Brasil,Argentina,Países Bajos,Portugal
518,Brasil,Países Bajos,Francia,Portugal
519,Brasil,Países Bajos,Francia,Portugal
520,Brasil,Países Bajos,Francia,Portugal
521,Brasil,Países Bajos,Francia,Portugal
522,Brasil,Países Bajos,Francia,Portugal
523,Brasil,Argentina,Países Bajos,Portugal
524,Brasil,Países Bajos,Francia,Portugal
525,Brasil,Países Bajos,Francia,Portugal
526,Brasil,Países Bajos,Francia,Portugal
527,Brasil,Países Bajos,Francia,Portugal
528,Brasil,Argentina,Países Bajos,Portugal
529,Brasil,Países Bajos,Francia,Portugal
530,Brasil,Países Bajos,Francia,Portugal
531,Brasil,Países Bajos,Francia,Portugal
532,Brasil,Países Bajos,Francia,Portugal
533,Brasil,Países Bajos,Francia,Portugal
534,Brasil,Países Bajos,Francia,Portugal
535,Brasil,Países Bajos,Francia,Portugal
536,Brasil,Países Bajos,Francia,Portugal
537,Brasil,Países Bajos,Francia,Portugal
538,Brasil,Países Bajos,Francia,Portugal
539,Brasil,Países Bajos,Francia,Portugal
540,Brasil,Países Bajos,Francia,Portugal
541,Brasil,Países Bajos,Francia,Portugal
542,Brasil,Argentina,Francia,Portugal
543,Brasil,Países Bajos,Francia,Portugal
544,Brasil,Argentina,Francia,Portugal
545,Brasil,Países Bajos,Francia,Portugal
546,Brasil,Países Bajos,Francia,Portugal
547,Brasil,Argentina,Países Bajos,Portugal
548,Brasil,Países Bajos,Francia,Portugal
549,Brasil,Países Bajos,Francia,Portugal
550,Brasil,Países Bajos,Francia,Portugal
551,Brasil,Países Bajos,Francia,Portugal
552,Brasil,Países Bajos,Francia,Portugal
553,Brasil,Países Bajos,Francia,Portugal
554,Brasil,Países Bajos,Francia,Portugal
555,Brasil,Países Bajos,Francia,Portugal
556,Brasil,Países Bajos,Francia,Portugal
557,Brasil,Países Bajos,Francia,Portugal
558,Brasil,Países Bajos,Francia,Portugal
559,Brasil,Argentina,Países Bajos,Portugal
560,Brasil,Países Bajos,Francia,Portugal
561,Brasil,Países Bajos,Francia,Portugal
562,Brasil,Países Bajos,Francia,Portugal
563,Brasil,Argentina,Francia,Portugal
564,Brasil,Argentina,Francia,Portugal
565,Brasil,Países Bajos,Francia,Portugal
566,Brasil,Países Bajos,Francia,Portugal
567,Brasil,Países Bajos,Francia,Portugal
568,Brasil,Países Bajos,Francia,Portugal
569,Brasil,Países Bajos,Francia,Portugal
570,Brasil,Países Bajos,Francia,Portugal
571,Brasil,Países Bajos,Francia,Portugal
572,Brasil,Países Bajos,Francia,Portugal
573,Brasil,Países Bajos,Francia,Portugal
574,Brasil,Países Bajos,Francia,Portugal
575,Brasil,Países Bajos,Francia,Portugal
576,Brasil,Países Bajos,Francia,Portugal
577,Brasil,Países Bajos,Francia,Portugal
578,Brasil,Países Bajos,Francia,Portugal
579,Brasil,Países Bajos,Francia,Portugal
580,Brasil,Países Bajos,Francia,Portugal
581,Brasil,Países Bajos,Francia,Portugal
582,Brasil,Países Bajos,Francia,Portugal
583,Brasil,Argentina,Francia,Portugal
584,Brasil,Países Bajos,Francia,Portugal
585,Brasil,Países Bajos,Francia,Portugal
586,Brasil,Países Bajos,Francia,Portugal
587,Brasil,Países Bajos,Francia,Portugal
588,Brasil,Países Bajos,Francia,Portugal
589,Brasil,Países Bajos,Francia,Portugal
590,Brasil,Países Bajos,Francia,Portugal
591,Brasil,Argentina,Países Bajos,Portugal
592,Brasil,Países Bajos,Francia,Portugal
593,Brasil,Países Bajos,Francia,Portugal
594,Brasil,Países Bajos,Francia,Portugal
595,Brasil,Países Bajos,Francia,Portugal
596,Brasil,Países Bajos,Francia,Portugal
597,Brasil,Países Bajos,Francia,Portugal
598,Brasil,Países Bajos,Francia,Portugal
599,Brasil,Países Bajos,Francia,Portugal
600,Brasil,Países Bajos,Francia,Portugal
601,Brasil,Argentina,Países Bajos,Portugal
602,Brasil,Argentina,Francia,Portugal
603,Brasil,Argentina,Países Bajos,Portugal
604,Brasil,Argentina,Países Bajos,Portugal
605,Brasil,Argentina,Países Bajos,Portugal
606,Brasil,Países Bajos,Francia,Portugal
607,Brasil,Países Bajos,Francia,Portugal
608,Brasil,Países Bajos,Francia,Portugal
609,Brasil,Países Bajos,Francia,Portugal
610,Brasil,Países Bajos,Francia,Portugal
611,Brasil,Países Bajos,Francia,Portugal
612,Brasil,Países Bajos,Francia,Portugal
613,Brasil,Países Bajos,Francia,Portugal
614,Brasil,Países Bajos,Francia,Portugal
615,Brasil,Argentina,Francia,Portugal
616,Brasil,Argentina,Francia,Portugal
617,Brasil,Países Bajos,Francia,Portugal
618,Brasil,Países Bajos,Francia,Portugal
619,Brasil,Países Bajos,Francia,Portugal
620,Brasil,Argentina,Países Bajos,Portugal
621,Brasil,Argentina,Países Bajos,Portugal
622,Brasil,Países Bajos,Francia,Portugal
623,Brasil,Argentina,Países Bajos,Portugal
624,Brasil,Países Bajos,Francia,Portugal
625,Brasil,Países Bajos,Francia,Portugal
626,Brasil,Países Bajos,Francia,Portugal
627,Brasil,Argentina,Países Bajos,Portugal
628,Brasil,Países Bajos,Francia,Portugal
629,Brasil,Países Bajos,Francia,Portugal
630,Brasil,Países Bajos,Francia,Portugal
631,Brasil,Países Bajos,Francia,Portugal
632,Brasil,Países Bajos,Francia,Portugal
633,Brasil,Países Bajos,Francia,Portugal
634,Brasil,Argentina,Francia,Portugal
635,Brasil,Países Bajos,Francia,Portugal
636,Brasil,Países Bajos,Francia,Portugal
637,Brasil,Países Bajos,Francia,Portugal
638,Brasil,Países Bajos,Francia,Portugal
639,Brasil,Países Bajos,Francia,Portugal
640,Brasil,Argentina,Países Bajos,Portugal
641,Brasil,Países Bajos,Francia,Portugal
642,Brasil,Países Bajos,Francia,Portugal
643,Brasil,Países Bajos,Francia,Portugal
644,Brasil,Países Bajos,Francia,Portugal
645,Brasil,Países Bajos,Francia,Portugal
646,Brasil,Países Bajos,Francia,Portugal
647,Brasil,Países Bajos,Francia,Portugal
648,Brasil,Países Bajos,Francia,Portugal
649,Brasil,Argentina,Francia,Portugal
650,Brasil,Países Bajos,Francia,Portugal
651,Brasil,Países Bajos,Francia,Portugal
652,Brasil,Argentina,Países Bajos,Portugal
653,Brasil,Países Bajos,Francia,Portugal
654,Brasil,Países Bajos,Francia,Portugal
655,Brasil,Países Bajos,Francia,Portugal
656,Brasil,Países Bajos,Francia,Portugal
657,Brasil,Países Bajos,Francia,Portugal
658,Brasil,Países Bajos,Francia,Portugal
659,Brasil,Países Bajos,Francia,Portugal
660,Brasil,Países Bajos,Francia,Portugal
661,Brasil,Países Bajos,Francia,Portugal
662,Brasil,Países Bajos,Francia,Portugal
663,Brasil,Países Bajos,Francia,Portugal
664,Brasil,Países Bajos,Francia,Portugal
665,Brasil,Países Bajos,Francia,Portugal
666,Brasil,Países Bajos,Francia,Portugal
667,Brasil,Países Bajos,Francia,Portugal
668,Brasil,Países Bajos,Francia,Portugal
669,Brasil,Argentina,Países Bajos,Portugal
670,Brasil,Países Bajos,Francia,Portugal
671,Brasil,Países Bajos,Francia,Portugal
672,Brasil,Argentina,Países Bajos,Portugal
673,Brasil,Países Bajos,Francia,Portugal
674,Brasil,Argentina,Francia,Portugal
675,Brasil,Países Bajos,Francia,Portugal
676,Brasil,Países Bajos,Francia,Portugal
677,Brasil,Países Bajos,Francia,Portugal
678,Brasil,Países Bajos,Francia,Portugal
679,Brasil,Países Bajos,Francia,Portugal
680,Brasil,Países Bajos,Francia,Portugal
681,Brasil,Países Bajos,Francia,Portugal
682,Brasil,Países Bajos,Francia,Portugal
683,Brasil,Países Bajos,Francia,Portugal
684,Brasil,Países Bajos,Francia,Portugal
685,Brasil,Países Bajos,Francia,Portugal
686,Brasil,Países Bajos,Francia,Portugal
687,Brasil,Países Bajos,Francia,Portugal
688,Brasil,Países Bajos,Francia,Portugal
689,Brasil,Países Bajos,Francia,Portugal
690,Brasil,Países Bajos,Francia,Portugal
691,Brasil,Países Bajos,Francia,Portugal
692,Brasil,Argentina,Países Bajos,Portugal
693,Brasil,Países Bajos,Francia,Portugal
694,Brasil,Argentina,Países Bajos,Portugal
695,Brasil,Países Bajos,Francia,Portugal
696,Brasil,Países Bajos,Francia,Portugal
697,Brasil,Países Bajos,Francia,Portugal
698,Brasil,Países Bajos,Francia,Portugal
699,Brasil,Argentina,Países Bajos,Portugal
700,Brasil,Países Bajos,Francia,Portugal
701,Brasil,Argentina,Francia,Portugal
702,Brasil,Países Bajos,Francia,Portugal
703,Brasil,Países Bajos,Francia,Portugal
704,Brasil,Países Bajos,Francia,Portugal
705,Brasil,Países Bajos,Francia,Portugal
706,Brasil,Países Bajos,Francia,Portugal
707,Brasil,Argentina,Países Bajos,Portugal
708,Brasil,Países Bajos,Francia,Portugal
709,Brasil,Argentina,Francia,Portugal
710,Brasil,Países Bajos,Francia,Portugal
711,Brasil,Argentina,Países Bajos,Portugal
712,Brasil,Países Bajos,Francia,Portugal
713,Brasil,Argentina,Francia,Portugal
714,Brasil,Países Bajos,Francia,Portugal
715,Brasil,Países Bajos,Francia,Portugal
716,Brasil,Países Bajos,Francia,Portugal
717,Brasil,Países Bajos,Francia,Portugal
718,Brasil,Argentina,Países Bajos,Portugal
719,Brasil,Países Bajos,Francia,Portugal
720,Brasil,Países Bajos,Francia,Portugal
721,Brasil,Argentina,Países Bajos,Portugal
722,Brasil,Países Bajos,Francia,Portugal
723,Brasil,Países Bajos,Francia,Portugal
724,Brasil,Países Bajos,Francia,Portugal
725,Brasil,Argentina,Países Bajos,Portugal
726,Brasil,Países Bajos,Francia,Portugal
727,Brasil,Países Bajos,Francia,Portugal
728,Brasil,Países Bajos,Francia,Portugal
729,Brasil,Países Bajos,Francia,Portugal
730,Brasil,Países Bajos,Francia,Portugal
731,Brasil,Argentina,Países Bajos,Portugal
732,Brasil,Países Bajos,Francia,Portugal
733,Brasil,Países Bajos,Francia,Portugal
734,Brasil,Países Bajos,Francia,Portugal
735,Brasil,Países Bajos,Francia,Portugal
736,Brasil,Países Bajos,Francia,Portugal
737,Brasil,Argentina,Países Bajos,Portugal
738,Brasil,Países Bajos,Francia,Portugal
739,Brasil,Países Bajos,Francia,Portugal
740,Brasil,Países Bajos,Francia,Portugal
741,Brasil,Países Bajos,Francia,Portugal
742,Brasil,Países Bajos,Francia,Portugal
743,Brasil,Argentina,Países Bajos,Portugal
744,Brasil,Países Bajos,Francia,Portugal
745,Brasil,Países Bajos,Francia,Portugal
746,Brasil,Países Bajos,Francia,Portugal
747,Brasil,Países Bajos,Francia,Portugal
748,Brasil,Países Bajos,Francia,Portugal
749,Brasil,Argentina,Países Bajos,Portugal
750,Brasil,Argentina,Países Bajos,Portugal
751,Brasil,Países Bajos,Francia,Portugal
752,Brasil,Países Bajos,Francia,Portugal
753,Brasil,Países Bajos,Francia,Portugal
754,Brasil,Países Bajos,Francia,Portugal
755,Brasil,Países Bajos,Francia,Portugal
756,Brasil,Países Bajos,Francia,Portugal
757,Brasil,Países Bajos,Francia,Portugal
758,Brasil,Países Bajos,Francia,Portugal
759,Brasil,Países Bajos,Francia,Portugal
760,Brasil,Países Bajos,Francia,Portugal
761,Brasil,Países Bajos,Francia,Portugal
762,Brasil,Países Bajos,Francia,Portugal
763,Brasil,Países Bajos,Francia,Portugal
764,Brasil,Países Bajos,Francia,Portugal
765,Brasil,Países Bajos,Francia,Portugal
766,Brasil,Argentina,Francia,Portugal
767,Brasil,Países Bajos,Francia,Portugal
768,Brasil,Países Bajos,Francia,Portugal
769,Brasil,Países Bajos,Francia,Portugal
770,Brasil,Países Bajos,Francia,Portugal
771,Brasil,Países Bajos,Francia,Portugal
772,Brasil,Países Bajos,Francia,Portugal
773,Brasil,Países Bajos,Francia,Portugal
774,Brasil,Países Bajos,Francia,Portugal
775,Brasil,Países Bajos,Francia,Portugal
776,Brasil,Países Bajos,Francia,Portugal
777,Brasil,Países Bajos,Francia,Portugal
778,Brasil,Países Bajos,Francia,Portugal
779,Brasil,Países Bajos,Francia,Portugal
780,Brasil,Países Bajos,Francia,Portugal
781,Brasil,Argentina,Francia,Portugal
782,Brasil,Países Bajos,Francia,Portugal
783,Brasil,Países Bajos,Francia,Portugal
784,Brasil,Argentina,Francia,Portugal
785,Brasil,Argentina,Países Bajos,Portugal
786,Brasil,Países Bajos,Francia,Portugal
787,Brasil,Argentina,Países Bajos,Portugal
788,Brasil,Países Bajos,Francia,Portugal
789,Brasil,Países Bajos,Francia,Portugal
790,Brasil,Países Bajos,Francia,Portugal
791,Brasil,Países Bajos,Francia,Portugal
792,Brasil,Países Bajos,Francia,Portugal
793,Brasil,Argentina,Países Bajos,Portugal
794,Brasil,Países Bajos,Francia,Portugal
795,Brasil,Países Bajos,Francia,Portugal
796,Brasil,Países Bajos,Francia,Portugal
797,Brasil,Países Bajos,Francia,Portugal
798,Brasil,Países Bajos,Francia,Portugal
799,Brasil,Países Bajos,Francia,Portugal
800,Brasil,Países Bajos,Francia,Portugal
801,Brasil,Países Bajos,Francia,Portugal
802,Brasil,Países Bajos,Francia,Portugal
803,Brasil,Países Bajos,Francia,Portugal
804,Brasil,Países Bajos,Francia,Portugal
805,Brasil,Países Bajos,Francia,Portugal
806,Brasil,Países Bajos,Francia,Portugal
807,Brasil,Argentina,Países Bajos,Portugal
808,Brasil,Países Bajos,Francia,Portugal
809,Brasil,Países Bajos,Francia,Portugal
810,Brasil,Argentina,Países Bajos,Portugal
811,Brasil,Países Bajos,Francia,Portugal
812,Brasil,Países Bajos,Francia,Portugal
813,Brasil,Países Bajos,Francia,Portugal
814,Brasil,Países Bajos,Francia,Portugal
815,Brasil,Países Bajos,Francia,Portugal
816,Brasil,Países Bajos,Francia,Portugal
817,Brasil,Países Bajos,Francia,Portugal
818,Brasil,Países Bajos,Francia,Portugal
819,Brasil,Países Bajos,Francia,Portugal
820,Brasil,Países Bajos,Francia,Portugal
821,Brasil,Países Bajos,Francia,Portugal
822,Brasil,Países Bajos,Francia,Portugal
823,Brasil,Países Bajos,Francia,Portugal
824,Brasil,Países Bajos,Francia,Portugal
825,Brasil,Países Bajos,Francia,Portugal
826,Brasil,Argentina,Países Bajos,Portugal
827,Brasil,Países Bajos,Francia,Portugal
828,Brasil,Países Bajos,Francia,Portugal
829,Brasil,Argentina,Francia,Portugal
830,Brasil,Países Bajos,Francia,Portugal
831,Brasil,Países Bajos,Francia,Portugal
832,Brasil,Países Bajos,Francia,Portugal
833,Brasil,Países Bajos,Francia,Portugal
834,Brasil,Países Bajos,Francia,Portugal
835,Brasil,Países Bajos,Francia,Portugal
836,Brasil,Países Bajos,Francia,Portugal
837,Brasil,Países Bajos,Francia,Portugal
838,Brasil,Países Bajos,Francia,Portugal
839,Brasil,Argentina,Países Bajos,Portugal
840,Brasil,Países Bajos,Francia,Portugal
841,Brasil,Argentina,Francia,Portugal
842,Brasil,Países Bajos,Francia,Portugal
843,Brasil,Argentina,Países Bajos,Portugal
844,Brasil,Países Bajos,Francia,Portugal
845,Brasil,Países Bajos,Francia,Portugal
846,Brasil,Países Bajos,Francia,Portugal
847,Brasil,Argentina,Países Bajos,Portugal
848,Brasil,Países Bajos,Francia,Portugal
849,Brasil,Países Bajos,Francia,Portugal
850,Brasil,Países Bajos,Francia,Portugal
851,Brasil,Países Bajos,Francia,Portugal
852,Brasil,Países Bajos,Francia,Portugal
853,Brasil,Países Bajos,Francia,Portugal
854,Brasil,Países Bajos,Francia,Portugal
855,Brasil,Países Bajos,Francia,Portugal
856,Brasil,Países Bajos,Francia,Portugal
857,Brasil,Países Bajos,Francia,Portugal
858,Brasil,Países Bajos,Francia,Portugal
859,Brasil,Países Bajos,Francia,Portugal
860,Brasil,Países Bajos,Francia,Portugal
861,Brasil,Argentina,Francia,Portugal
862,Brasil,Países Bajos,Francia,Portugal
863,Brasil,Países Bajos,Francia,Portugal
864,Brasil,Países Bajos,Francia,Portugal
865,Brasil,Países Bajos,Francia,Portugal
866,Brasil,Países Bajos,Francia,Portugal
867,Brasil,Países Bajos,Francia,Portugal
868,Brasil,Países Bajos,Francia,Portugal
869,Brasil,Países Bajos,Francia,Portugal
870,Brasil,Argentina,Francia,Portugal
871,Brasil,Argentina,Francia,Portugal
872,Brasil,Países Bajos,Francia,Portugal
873,Brasil,Países Bajos,Francia,Portugal
874,Brasil,Países Bajos,Francia,Portugal
875,Brasil,Países Bajos,Francia,Portugal
876,Brasil,Argentina,Francia,Portugal
877,Brasil,Países Bajos,Francia,Portugal
878,Brasil,Países Bajos,Francia,Portugal
879,Brasil,Países Bajos,Francia,Portugal
880,Brasil,Países Bajos,Francia,Portugal
881,Brasil,Países Bajos,Francia,Portugal
882,Brasil,Argentina,Países Bajos,Portugal
883,Brasil,Países Bajos,Francia,Portugal
884,Brasil,Países Bajos,Francia,Portugal
885,Brasil,Argentina,Países Bajos,Portugal
886,Brasil,Países Bajos,Francia,Portugal
887,Brasil,Países Bajos,Francia,Portugal
888,Brasil,Países Bajos,Francia,Portugal
889,Brasil,Países Bajos,Francia,Portugal
890,Brasil,Países Bajos,Francia,Portugal
891,Brasil,Países Bajos,Francia,Portugal
892,Brasil,Países Bajos,Francia,Portugal
893,Brasil,Países Bajos,Francia,Portugal
894,Brasil,Argentina,Países Bajos,Portugal
895,Brasil,Países Bajos,Francia,Portugal
896,Brasil,Países Bajos,Francia,Portugal
897,Brasil,Argentina,Francia,Portugal
898,Brasil,Países Bajos,Francia,Portugal
899,Brasil,Países Bajos,Francia,Portugal
900,Brasil,Países Bajos,Francia,Portugal
901,Brasil,Países Bajos,Francia,Portugal
902,Brasil,Argentina,Países Bajos,Portugal
903,Brasil,Países Bajos,Francia,Portugal
904,Brasil,Países Bajos,Francia,Portugal
905,Brasil,Países Bajos,Francia,Portugal
906,Brasil,Argentina,Países Bajos,Portugal
907,Brasil,Argentina,Países Bajos,Portugal
908,Brasil,Países Bajos,Francia,Portugal
909,Brasil,Países Bajos,Francia,Portugal
910,Brasil,Países Bajos,Francia,Portugal
911,Brasil,Países Bajos,Francia,Portugal
912,Brasil,Países Bajos,Francia,Portugal
913,Brasil,Países Bajos,Francia,Portugal
914,Brasil,Países Bajos,Francia,Portugal
915,Brasil,Países Bajos,Francia,Portugal
916,Brasil,Países Bajos,Francia,Portugal
917,Brasil,Países Bajos,Francia,Portugal
918,Brasil,Países Bajos,Francia,Portugal
919,Brasil,Países Bajos,Francia,Portugal
920,Brasil,Argentina,Países Bajos,Portugal
921,Brasil,Países Bajos,Francia,Portugal
922,Brasil,Países Bajos,Francia,Portugal
923,Brasil,Países Bajos,Francia,Portugal
924,Brasil,Países Bajos,Francia,Portugal
925,Brasil,Países Bajos,Francia,Portugal
926,Brasil,Países Bajos,Francia,Portugal
927,Brasil,Países Bajos,Francia,Portugal
928,Brasil,Países Bajos,Francia,Portugal
929,Brasil,Países Bajos,Francia,Portugal
930,Brasil,Países Bajos,Francia,Portugal
931,Brasil,Países Bajos,Francia,Portugal
932,Brasil,Países Bajos,Francia,Portugal
933,Brasil,Países Bajos,Francia,Portugal
934,Brasil,Países Bajos,Francia,Portugal
935,Brasil,Argentina,Países Bajos,Portugal
936,Brasil,Países Bajos,Francia,Portugal
937,Brasil,Países Bajos,Francia,Portugal
938,Brasil,Países Bajos,Francia,Portugal
939,Brasil,Países Bajos,Francia,Portugal
940,Brasil,Países Bajos,Francia,Portugal
941,Brasil,Países Bajos,Francia,Portugal
942,Brasil,Países Bajos,Francia,Portugal
943,Brasil,Países Bajos,Francia,Portugal
944,Brasil,Países Bajos,Francia,Portugal
945,Brasil,Países Bajos,Francia,Portugal
946,Brasil,Países Bajos,Francia,Portugal
947,Brasil,Países Bajos,Francia,Portugal
948,Brasil,Países Bajos,Francia,Portugal
949,Brasil,Países Bajos,Francia,Portugal
950,Brasil,Argentina,Francia,Portugal
951,Brasil,Países Bajos,Francia,Portugal
952,Brasil,Países Bajos,Francia,Portugal
953,Brasil,Países Bajos,Francia,Portugal
954,Brasil,Países Bajos,Francia,Portugal
955,Brasil,Países Bajos,Francia,Portugal
956,Brasil,Países Bajos,Francia,Portugal
957,Brasil,Países Bajos,Francia,Portugal
958,Brasil,Argentina,Países Bajos,Portugal
959,Brasil,Argentina,Francia,Portugal
960,Brasil,Países Bajos,Francia,Portugal
961,Brasil,Países Bajos,Francia,Portugal
962,Brasil,Países Bajos,Francia,Portugal
963,Brasil,Países Bajos,Francia,Portugal
964,Brasil,Países Bajos,Francia,Portugal
965,Brasil,Países Bajos,Francia,Portugal
966,Brasil,Países Bajos,Francia,Portugal
967,Brasil,Países Bajos,Francia,Portugal
968,Brasil,Países Bajos,Francia,Portugal
969,Brasil,Países Bajos,Francia,Portugal
970,Brasil,Países Bajos,Francia,Portugal
971,Brasil,Países Bajos,Francia,Portugal
972,Brasil,Países Bajos,Francia,Portugal
973,Brasil,Países Bajos,Francia,Portugal
974,Brasil,Países Bajos,Francia,Portugal
975,Brasil,Países Bajos,Francia,Portugal
976,Brasil,Países Bajos,Francia,Portugal
977,Brasil,Argentina,Francia,Portugal
978,Brasil,Países Bajos,Francia,Portugal
979,Brasil,Argentina,Francia,Portugal
980,Brasil,Países Bajos,Francia,Portugal
981,Brasil,Países Bajos,Francia,Portugal
982,Brasil,Países Bajos,Francia,Portugal
983,Brasil,Países Bajos,Francia,Portugal
984,Brasil,Argentina,Francia,Portugal
985,Brasil,Países Bajos,Francia,Portugal
986,Brasil,Países Bajos,Francia,Portugal
987,Brasil,Países Bajos,Francia,Portugal
988,Brasil,Países Bajos,Francia,Portugal
989,Brasil,Países Bajos,Francia,Portugal
990,Brasil,Países Bajos,Francia,Portugal
991,Brasil,Países Bajos,Francia,Portugal
992,Brasil,Países Bajos,Francia,Portugal
993,Brasil,Países Bajos,Francia,Portugal
994,Brasil,Países Bajos,Francia,Portugal
995,Brasil,Países Bajos,Francia,Portugal
996,Brasil,Países Bajos,Francia,Portugal
997,Brasil,Países Bajos,Francia,Portugal
998,Brasil,Países Bajos,Francia,Portugal
999,Brasil,Países Bajos,Francia,Portugal
